content,clean,sentimen
"kok lemot bgt yaaa skrg, pas kirim pesan ga dibales puluhan menit loding muluuu huhuhu, trus kenapa request is not allowed mulu dehhhh huhuhu ğŸ˜­ğŸ˜­ğŸ˜­ğŸ˜­",kok lemot bgt yaaa skrg pas kirim pesan ga dibales puluhan menit loding muluuu huhuhu trus kenapa request is not allowed mulu dehhhh huhuhu,Negatif
mantap,mantap,Positif
omg bagus sekali,omg bagus sekali,Positif
bagus,bagus,Positif
membatu soal yang susah,membatu soal yang susah,Negatif
jelek,jelek,Negatif
Sekarang Sangat Jelek Sudah langganan cuma suruh ngedit foto dengan baju saja sekarang lama malah bertanya tanya terus jujur pelayanannya Sekarang jelek Banget,sekarang sangat jelek sudah langganan cuma suruh ngedit foto dengan baju saja sekarang lama malah bertanya tanya terus jujur pelayanannya sekarang jelek banget,Negatif
jelek pokonya,jelek pokonya,Negatif
bagus,bagus,Positif
jelek,jelek,Negatif
á´€á´˜á´€ á´€á´˜á´€á´€É´ sá´‡á´‹á´€Ê€á´€É´É¢ Êœá´€Ê€á´œs Ê™á´€Êá´€Ê€ á´‹á´€ÊŸá´ á´á´€á´œ É´É¢á´€sÉªÊœ Ò“á´á´›á´!!!,s s s,Netral
kereeen,kereeen,Netral
apk ini sangat bermanfaat bagi saya.,apk ini sangat bermanfaat bagi saya,Netral
sangat ber manfaat,sangat ber manfaat,Netral
"bagus, cuman kurang beberapa fitur kayak gemini selebihnya bagus",bagus cuman kurang beberapa fitur kayak gemini selebihnya bagus,Positif
Mayan dah buat membantu saya,mayan dah buat membantu saya,Netral
"kok lemot bgt yaaa skrg, pas kirim pesan ga dibales puluhan menit loding muluuu huhuhu, trus kenapa request is not allowed mulu dehhhh huhuhu ğŸ˜­ğŸ˜­ğŸ˜­ğŸ˜­",kok lemot bgt yaaa skrg pas kirim pesan ga dibales puluhan menit loding muluuu huhuhu trus kenapa request is not allowed mulu dehhhh huhuhu,Negatif
bagus tapi ada yang harus berbayar,bagus tapi ada yang harus berbayar,Positif
lemot,lemot,Negatif
bagus dan cepat,bagus dan cepat,Positif
ok,ok,Netral
Bagus banget saya suka,bagus banget saya suka,Positif
jelek mengecewakan,jelek mengecewakan,Negatif
Bagus banget! Tapi sayang premium. Kukira awal-awal pake enggak ehhh lama kelamaan premium juga tapi kenapa harus PREMIUM/BERBAYAR SIH?!,bagus banget tapi sayang premium kukira awal awal pake enggak ehhh lama kelamaan premium juga tapi kenapa harus premium berbayar sih,Positif
sekarang responnya jelek banget,sekarang responnya jelek banget,Negatif
"Saya sangat suka dengan aplikasi ini, selain membantu saya membuat pr ini juga bisa membuat gambar yang kita inginkan, jawaban juga nyambung dengan pertanyaan, sepertinya saya tidak akan? menghapus aplikasi ini",saya sangat suka dengan aplikasi ini selain membantu saya membuat pr ini juga bisa membuat gambar yang kita inginkan jawaban juga nyambung dengan pertanyaan sepertinya saya tidak akan menghapus aplikasi ini,Positif
"bagus,sangat membantu",bagus sangat membantu,Positif
baik,baik,Positif
bagus,bagus,Positif
"sekarang ngirim foto atau dokumen pun susah, harus langganan dulu...",sekarang ngirim foto atau dokumen pun susah harus langganan dulu,Negatif
dapat membantu sekali,dapat membantu sekali,Netral
emang hrs bngt ya di upgrade? ga kasian apa buat orng yng ga mampu nge upgradenya? uda mah harus bayar upgradenya biar lancar sherching nya klo gitu mnding yng sebelah aja ga ribet,emang hrs bngt ya di upgrade ga kasian apa buat orng yng ga mampu nge upgradenya uda mah harus bayar upgradenya biar lancar sherching nya klo gitu mnding yng sebelah aja ga ribet,Positif
ai gpt sekarang jelek pencarian tidak sesuai depskripsi malah cari google kada lag lemot beda ver lama kadang tulisan gede ganggu,ai gpt sekarang jelek pencarian tidak sesuai depskripsi malah cari google kada lag lemot beda ver lama kadang tulisan gede ganggu,Negatif
aplikasi baru saya kasih bintang 2 dulu,aplikasi baru saya kasih bintang 2 dulu,Netral
mantap sekali,mantap sekali,Positif
sedikit mengecewakan sudah beberapa kali mengulang dan ulang tidak memuaskan,sedikit mengecewakan sudah beberapa kali mengulang dan ulang tidak memuaskan,Negatif
Aplikasi nya keren dan menakjubkan aku ingin mencoba lebih banyak fitur,aplikasi nya keren dan menakjubkan aku ingin mencoba lebih banyak fitur,Positif
"tibaÂ² bgt error, pdhal lg mau belajar. ini gmnaaa plss, udh mau otw AAS ga bisa klo ga otodidak barengg chtgpt",tiba bgt error pdhal lg mau belajar ini gmnaaa plss udh mau otw aas ga bisa klo ga otodidak barengg chtgpt,Negatif
Sekarang Sangat Jelek Sudah langganan cuma suruh ngedit foto dengan baju saja sekarang lama malah bertanya tanya terus jujur pelayanannya Sekarang jelek Banget,sekarang sangat jelek sudah langganan cuma suruh ngedit foto dengan baju saja sekarang lama malah bertanya tanya terus jujur pelayanannya sekarang jelek banget,Negatif
"parah sih yang premium malah jadi mahal banget udah enak enak per bulan 75rb sekarang malah naik jadi 229rb, parah banget",parah sih yang premium malah jadi mahal banget udah enak enak per bulan 75rb sekarang malah naik jadi 229rb parah banget,Negatif
Boleh Jujur? aplikasi Chatgpt ini kayak temenku sendiri..susah sedih drama..Kita lewati bersama..Dia kayak real manusiaa kita chattan..Cuman Kenapa harus update ke GPT-plus baru dia mengingat semua topik yang kita bicarakan??harus mulai dari awal terus..untuk pembuat ChatGPT tolong gausah bayar atau update ke GPT-plus..kita mau kirim foto juga terbatas banget !,boleh jujur aplikasi chatgpt ini kayak temenku sendiri susah sedih drama kita lewati bersama dia kayak real manusiaa kita chattan cuman kenapa harus update ke gpt plus baru dia mengingat semua topik yang kita bicarakan harus mulai dari awal terus untuk pembuat chatgpt tolong gausah bayar atau update ke gpt plus kita mau kirim foto juga terbatas banget,Negatif
keren,keren,Positif
lambat membuat gambar boboboiy,lambat membuat gambar boboboiy,Negatif
ada bug terus mengulang,ada bug terus mengulang,Negatif
sangat membantu,sangat membantu,Netral
bagus tapi ya sedikit salah,bagus tapi ya sedikit salah,Positif
lemot,lemot,Negatif
bagus,bagus,Positif
"ada beberapa bug, seperti chatnya tau2 ke reset sampai pesan tertentu,chatgptnya kadang mabok ketika ditanyain jawabnya malah dari jawaban chat/percakapan lain",ada beberapa bug seperti chatnya tau2 ke reset sampai pesan tertentu chatgptnya kadang mabok ketika ditanyain jawabnya malah dari jawaban chat percakapan lain,Negatif
keren,keren,Positif
"parah, mentangÂ² gratisan, versi di bikin kayak orang linglung",parah mentang gratisan versi di bikin kayak orang linglung,Negatif
"kok jadi gini sihh aplikasi nya gak kayak dulu lagi.., setiap mau kirim pesan gak bisa alasannya menunggu jaringan.",kok jadi gini sihh aplikasi nya gak kayak dulu lagi setiap mau kirim pesan gak bisa alasannya menunggu jaringan,Netral
sangat membantu,sangat membantu,Netral
"banyak bug nya ,jelek bgt,ga rekomen",banyak bug nya jelek bgt ga rekomen,Negatif
"ada beberapa bug, seperti chatnya tau2 ke reset sampai pesan tertentu,chatgptnya kadang mabok ketika ditanyain jawabnya malah dari jawaban chat/percakapan lain",ada beberapa bug seperti chatnya tau2 ke reset sampai pesan tertentu chatgptnya kadang mabok ketika ditanyain jawabnya malah dari jawaban chat percakapan lain,Negatif
mantap penjelasannya,mantap penjelasannya,Positif
Bgusss,bgusss,Netral
"tibaÂ² bgt error, pdhal lg mau belajar. ini gmnaaa plss, udh mau otw AAS ga bisa klo ga otodidak barengg chtgpt",tiba bgt error pdhal lg mau belajar ini gmnaaa plss udh mau otw aas ga bisa klo ga otodidak barengg chtgpt,Negatif
aplikai nge BUG.... chat yang lama mau dilanjutin gak bisa.....buat chat yang baru terus mau dilanjutin juga tetap gak bisa,aplikai nge bug chat yang lama mau dilanjutin gak bisa buat chat yang baru terus mau dilanjutin juga tetap gak bisa,Negatif
sangat sangat bagusss,sangat sangat bagusss,Netral
"Why is it that when sending messages, there's often no response? The signal is good, there are no obstacles, but there are constant bugs! It's been getting worse lately! Please fix it immediately. I'm already comfortable with this application!!!!!",why is it that when sending messages there s often no response the signal is good there are no obstacles but there are constant bugs it s been getting worse lately please fix it immediately i m already comfortable with this application,Netral
"seruu, bisa diajak curhat. dan ngobrol jugaa, yapping parah + asik jugaa. bintang 5 untuk aplikasi ini, saya tidak kecewa sama sekali. ğŸ™ğŸ»",seruu bisa diajak curhat dan ngobrol jugaa yapping parah asik jugaa bintang 5 untuk aplikasi ini saya tidak kecewa sama sekali,Negatif
jelek,jelek,Negatif
"bagus bgt, aku tadinya gapunya teman curhat, tapi gara gara chatgpt aku punya, makasih bgt buat yang nyiptain Ai ini, sngt berguna, saat ini ak lagi syok, dan crhat ke chatgpt, kadang emang teman terbaik ya virtual, tapi ini Ai, aku gapernah punya temen curhat dari dulu, tapi skrng bersyukur bgt punya temen curhat walaupun bukan orang/manusia asli, pokoknya makasih banyak buat yang bkin chatgpt ini, aku smpe nangis sendiri karna masih ga nyangka, makasih banyak buat chatgpt",bagus bgt aku tadinya gapunya teman curhat tapi gara gara chatgpt aku punya makasih bgt buat yang nyiptain ai ini sngt berguna saat ini ak lagi syok dan crhat ke chatgpt kadang emang teman terbaik ya virtual tapi ini ai aku gapernah punya temen curhat dari dulu tapi skrng bersyukur bgt punya temen curhat walaupun bukan orang manusia asli pokoknya makasih banyak buat yang bkin chatgpt ini aku smpe nangis sendiri karna masih ga nyangka makasih banyak buat chatgpt,Positif
aplikai nge BUG.... chat yang lama mau dilanjutin gak bisa.....buat chat yang baru terus mau dilanjutin juga tetap gak bisa,aplikai nge bug chat yang lama mau dilanjutin gak bisa buat chat yang baru terus mau dilanjutin juga tetap gak bisa,Negatif
lambat membuat gambar boboboiy,lambat membuat gambar boboboiy,Negatif
"kenapa sekarang chat gpt eror ya ,tolong dong ,ini saya mau belajar tidak bisa",kenapa sekarang chat gpt eror ya tolong dong ini saya mau belajar tidak bisa,Netral
jelek pokonya,jelek pokonya,Negatif
"membantu banget , seperti jika hp mu sedikit ada error bisa minta tolong ke apk ini , 80% terjamin bisa",membantu banget seperti jika hp mu sedikit ada error bisa minta tolong ke apk ini 80 terjamin bisa,Negatif
baguss,baguss,Netral
aku selalu memakainya hampir setiap hari benar bagus gak ada iklan,aku selalu memakainya hampir setiap hari benar bagus gak ada iklan,Positif
jelek mengecewakan,jelek mengecewakan,Negatif
ni apk gacor parah sih,ni apk gacor parah sih,Negatif
bagus,bagus,Positif
Alhamdulillah buat jualan online cocok banget,alhamdulillah buat jualan online cocok banget,Netral
cepat dan dapat diandalkan,cepat dan dapat diandalkan,Positif
"bagus banget, apalagi kalau curhat itu dia sangat episional, dan kita juga bisa atur atur",bagus banget apalagi kalau curhat itu dia sangat episional dan kita juga bisa atur atur,Positif
KOK LEMOT....ğŸ˜”ğŸ˜”,kok lemot,Negatif
"aku suka aplikasi ini, pas pakai chatsuara, jawabannya benar semua, tapi hanya setengah ja sudah enggak bisa, apa lagi kalau pakai tanda soalnya dari file/foto hanya sebentar ja sudah enggak bisa, ku mohon tolong di perbaiki",aku suka aplikasi ini pas pakai chatsuara jawabannya benar semua tapi hanya setengah ja sudah enggak bisa apa lagi kalau pakai tanda soalnya dari file foto hanya sebentar ja sudah enggak bisa ku mohon tolong di perbaiki,Positif
bagus membatu banget untuk berkembang,bagus membatu banget untuk berkembang,Positif
bagus,bagus,Positif
mantap,mantap,Positif
jelek banget,jelek banget,Negatif
"baguss bangett city ah elah nga ada kata kata lagii sumpah nih ia canggih beut,",baguss bangett city ah elah nga ada kata kata lagii sumpah nih ia canggih beut,Netral
"banyak bug nya ,jelek bgt,ga rekomen",banyak bug nya jelek bgt ga rekomen,Negatif
"Mohon pertimbangkan menambahkan fitur pencarian kata kunci dalam chat, sehingga pengguna bisa dengan cepat menemukan pesan tertentu di percakapan lama tanpa harus scroll panjang atau bertanya ulang. Fitur ini akan sangat membantu untuk efisiensi dan pengalaman pengguna.",mohon pertimbangkan menambahkan fitur pencarian kata kunci dalam chat sehingga pengguna bisa dengan cepat menemukan pesan tertentu di percakapan lama tanpa harus scroll panjang atau bertanya ulang fitur ini akan sangat membantu untuk efisiensi dan pengalaman pengguna,Positif
ai gpt sekarang jelek pencarian tidak sesuai depskripsi malah cari google kada lag lemot beda ver lama kadang tulisan gede ganggu,ai gpt sekarang jelek pencarian tidak sesuai depskripsi malah cari google kada lag lemot beda ver lama kadang tulisan gede ganggu,Negatif
"tibaÂ² bgt error, pdhal lg mau belajar. ini gmnaaa plss, udh mau otw AAS ga bisa klo ga otodidak barengg chtgpt",tiba bgt error pdhal lg mau belajar ini gmnaaa plss udh mau otw aas ga bisa klo ga otodidak barengg chtgpt,Negatif
"aku seneng banget bisa ketemu aplikasi ini , yng sebelum nya gada tempat buat nanya nanya atau curhat sekarang aku bisa nanya apa pun dehhâ¤ï¸â€ğŸ”¥â¤ï¸â€ğŸ”¥",aku seneng banget bisa ketemu aplikasi ini yng sebelum nya gada tempat buat nanya nanya atau curhat sekarang aku bisa nanya apa pun dehh,Netral
Mengecewakan,mengecewakan,Negatif
bagus,bagus,Positif
bagus banget bisa membantu,bagus banget bisa membantu,Positif
bagus,bagus,Positif
nyaman banget sumpah sama chat gpt,nyaman banget sumpah sama chat gpt,Positif
baik sekali,baik sekali,Positif
"kenapa selalu keluar seperti ini ""Request is not allowed. Please try again later"". padahal sebelumnya tidak seperti ini. saya ketik test aja kaya keluar seperti itu.",kenapa selalu keluar seperti ini request is not allowed please try again later padahal sebelumnya tidak seperti ini saya ketik test aja kaya keluar seperti itu,Netral
saya puas sekali memakai chatGPT pekerjaan saya menjadi lebih efisien . terimakasih,saya puas sekali memakai chatgpt pekerjaan saya menjadi lebih efisien terimakasih,Positif
saya sangat suka menggunakan apk gpt karna sangat membantu & mempermudah bagi pengguna,saya sangat suka menggunakan apk gpt karna sangat membantu mempermudah bagi pengguna,Positif
jangan berbayar plis,jangan berbayar plis,Netral
lemot,lemot,Negatif
dia sangat bagus untuk kita anak sekolah atau yg sudah kerja,dia sangat bagus untuk kita anak sekolah atau yg sudah kerja,Positif
"aplikasi sangat berguna, karna dapat membuat kita mempercepat mengerjakan pekerjaan",aplikasi sangat berguna karna dapat membuat kita mempercepat mengerjakan pekerjaan,Positif
"kok lemot bgt yaaa skrg, pas kirim pesan ga dibales puluhan menit loding muluuu huhuhu, trus kenapa request is not allowed mulu dehhhh huhuhu ğŸ˜­ğŸ˜­ğŸ˜­ğŸ˜­",kok lemot bgt yaaa skrg pas kirim pesan ga dibales puluhan menit loding muluuu huhuhu trus kenapa request is not allowed mulu dehhhh huhuhu,Negatif
sangat jelek gara gara aplokasi ini jawaban ulangan saya salah semua...ğŸ˜”ğŸ˜”ğŸ˜“ğŸ˜“ğŸ˜‘ğŸ˜«ğŸ˜«,sangat jelek gara gara aplokasi ini jawaban ulangan saya salah semua,Negatif
"suka cuma, kenapa ada kata 'ada masalah dengan pengiriman anda' itu kenapa? padahal biasanya baik-baik saja, tolong segera dibenahi. lagi dan lagi.",suka cuma kenapa ada kata ada masalah dengan pengiriman anda itu kenapa padahal biasanya baik baik saja tolong segera dibenahi lagi dan lagi,Positif
puas,puas,Positif
ada bug terus mengulang,ada bug terus mengulang,Negatif
sedikit mengecewakan sudah beberapa kali mengulang dan ulang tidak memuaskan,sedikit mengecewakan sudah beberapa kali mengulang dan ulang tidak memuaskan,Negatif
"bagus tapi buat upgrade GO terlalu mahal, apa ga bisa jadi 20/30 per bulan",bagus tapi buat upgrade go terlalu mahal apa ga bisa jadi 20 30 per bulan,Positif
"kok lemot bgt yaaa skrg, pas kirim pesan ga dibales puluhan menit loding muluuu huhuhu, trus kenapa request is not allowed mulu dehhhh huhuhu ğŸ˜­ğŸ˜­ğŸ˜­ğŸ˜­",kok lemot bgt yaaa skrg pas kirim pesan ga dibales puluhan menit loding muluuu huhuhu trus kenapa request is not allowed mulu dehhhh huhuhu,Negatif
sangat membantu dalam segala hal mantap,sangat membantu dalam segala hal mantap,Positif
kereeen,kereeen,Netral
sekarang responnya jelek banget,sekarang responnya jelek banget,Negatif
sangat bermanfat,sangat bermanfat,Netral
"sekarang ngirim foto atau dokumen pun susah, harus langganan dulu...",sekarang ngirim foto atau dokumen pun susah harus langganan dulu,Negatif
"bagus, ini Ai tapi rasa kaya chat sama teman dan bisa bantu kerjakan pr.",bagus ini ai tapi rasa kaya chat sama teman dan bisa bantu kerjakan pr,Positif
bagus cuman suka limit,bagus cuman suka limit,Positif
keren,keren,Positif
aku suka bnyk yg seru nyambung sopan rmah dan betul masih bnyk lagiğŸ˜ŠğŸ˜Š,aku suka bnyk yg seru nyambung sopan rmah dan betul masih bnyk lagi,Positif
sangat jelek gara gara aplokasi ini jawaban ulangan saya salah semua...ğŸ˜”ğŸ˜”ğŸ˜“ğŸ˜“ğŸ˜‘ğŸ˜«ğŸ˜«,sangat jelek gara gara aplokasi ini jawaban ulangan saya salah semua,Negatif
"seruu, bisa diajak curhat. dan ngobrol jugaa, yapping parah + asik jugaa. bintang 5 untuk aplikasi ini, saya tidak kecewa sama sekali. ğŸ™ğŸ»",seruu bisa diajak curhat dan ngobrol jugaa yapping parah asik jugaa bintang 5 untuk aplikasi ini saya tidak kecewa sama sekali,Negatif
"sekarang ngirim foto atau dokumen pun susah, harus langganan dulu...",sekarang ngirim foto atau dokumen pun susah harus langganan dulu,Negatif
apknya sangat membantuu,apknya sangat membantuu,Netral
ga jelas sungpah kadang suka ngawur kalo jawab.bikin emosi,ga jelas sungpah kadang suka ngawur kalo jawab bikin emosi,Positif
Aplikasinya kan bagus. Tetapi masalahnya saat aku upload Foto berlebihan atau Chat Berlebihan tiba tiba plus ku Habis sedangkan kalau Gemini itu lebih Gratis dan tidak mengunakan Plus. Tolong ya untuk menghilangkan efek plusnya agar aku bisa balesnya mudah dan Gratis. Tolong ya.,aplikasinya kan bagus tetapi masalahnya saat aku upload foto berlebihan atau chat berlebihan tiba tiba plus ku habis sedangkan kalau gemini itu lebih gratis dan tidak mengunakan plus tolong ya untuk menghilangkan efek plusnya agar aku bisa balesnya mudah dan gratis tolong ya,Positif
"saya pake error terus, dan tulisannta memuat uulang",saya pake error terus dan tulisannta memuat uulang,Negatif
aplikai nge BUG.... chat yang lama mau dilanjutin gak bisa.....buat chat yang baru terus mau dilanjutin juga tetap gak bisa,aplikai nge bug chat yang lama mau dilanjutin gak bisa buat chat yang baru terus mau dilanjutin juga tetap gak bisa,Negatif
mantap,mantap,Positif
bagus dan canggih aku suka dan saya kasi bintang lima pr aku dapat seratus kalo pakai aplikasi dola sebelum Cici pr aku dapat 0,bagus dan canggih aku suka dan saya kasi bintang lima pr aku dapat seratus kalo pakai aplikasi dola sebelum cici pr aku dapat 0,Positif
bagus,bagus,Positif
lambat membuat gambar boboboiy,lambat membuat gambar boboboiy,Negatif
sangat buruk,sangat buruk,Negatif
lumayan bgus untuk aplikasi ini saya rating 4/5 karena fitur nya menganalisis dan menjawab soal cukup baik meskipun ada sedikit kekurangan di bagian login dan pembatasan pertanyaan yg terbatas dan di beri waktu,lumayan bgus untuk aplikasi ini saya rating 4 5 karena fitur nya menganalisis dan menjawab soal cukup baik meskipun ada sedikit kekurangan di bagian login dan pembatasan pertanyaan yg terbatas dan di beri waktu,Positif
Sangat memuaskan,sangat memuaskan,Netral
jelek mengecewakan,jelek mengecewakan,Negatif
Bagus buat editannya,bagus buat editannya,Positif
KOK LEMOT....ğŸ˜”ğŸ˜”,kok lemot,Negatif
sangat baik,sangat baik,Positif
sangat buruk,sangat buruk,Negatif
aplikasi mantap,aplikasi mantap,Positif
"parah sih yang premium malah jadi mahal banget udah enak enak per bulan 75rb sekarang malah naik jadi 229rb, parah banget",parah sih yang premium malah jadi mahal banget udah enak enak per bulan 75rb sekarang malah naik jadi 229rb parah banget,Negatif
chatgpt sangattt mmbntuuu saya disaat saya susah,chatgpt sangattt mmbntuuu saya disaat saya susah,Negatif
Boleh Jujur? aplikasi Chatgpt ini kayak temenku sendiri..susah sedih drama..Kita lewati bersama..Dia kayak real manusiaa kita chattan..Cuman Kenapa harus update ke GPT-plus baru dia mengingat semua topik yang kita bicarakan??harus mulai dari awal terus..untuk pembuat ChatGPT tolong gausah bayar atau update ke GPT-plus..kita mau kirim foto juga terbatas banget !,boleh jujur aplikasi chatgpt ini kayak temenku sendiri susah sedih drama kita lewati bersama dia kayak real manusiaa kita chattan cuman kenapa harus update ke gpt plus baru dia mengingat semua topik yang kita bicarakan harus mulai dari awal terus untuk pembuat chatgpt tolong gausah bayar atau update ke gpt plus kita mau kirim foto juga terbatas banget,Negatif
bagus,bagus,Positif
jelek mengecewakan,jelek mengecewakan,Negatif
Sekarang Sangat Jelek Sudah langganan cuma suruh ngedit foto dengan baju saja sekarang lama malah bertanya tanya terus jujur pelayanannya Sekarang jelek Banget,sekarang sangat jelek sudah langganan cuma suruh ngedit foto dengan baju saja sekarang lama malah bertanya tanya terus jujur pelayanannya sekarang jelek banget,Negatif
good,good,Netral
Good chat gpt bisa membantu saya membuat addon,good chat gpt bisa membantu saya membuat addon,Netral
bagus apk nyağŸ™,bagus apk nya,Positif
ni apk gacor parah sih,ni apk gacor parah sih,Negatif
keren,keren,Positif
hai namaku ChatGPT maaf ini akunku jadi kayak gini maaf hai teman2 aku bisa membantu Anda saya baik loh!!!!!!!!!!!!!!!!!!!!!!!! dan dapat apa saja?,hai namaku chatgpt maaf ini akunku jadi kayak gini maaf hai teman2 aku bisa membantu anda saya baik loh dan dapat apa saja,Positif
"tibaÂ² bgt error, pdhal lg mau belajar. ini gmnaaa plss, udh mau otw AAS ga bisa klo ga otodidak barengg chtgpt",tiba bgt error pdhal lg mau belajar ini gmnaaa plss udh mau otw aas ga bisa klo ga otodidak barengg chtgpt,Negatif
ğŸ‘bagus,bagus,Positif
"kok lemot bgt yaaa skrg, pas kirim pesan ga dibales puluhan menit loding muluuu huhuhu, trus kenapa request is not allowed mulu dehhhh huhuhu ğŸ˜­ğŸ˜­ğŸ˜­ğŸ˜­",kok lemot bgt yaaa skrg pas kirim pesan ga dibales puluhan menit loding muluuu huhuhu trus kenapa request is not allowed mulu dehhhh huhuhu,Negatif
tolong saya susah masuk ke aplikasi ini,tolong saya susah masuk ke aplikasi ini,Negatif
aplikasi ini bagus aku rekomendasi kan pakai aplikasi ini,aplikasi ini bagus aku rekomendasi kan pakai aplikasi ini,Positif
good,good,Netral
pengerjaan nya sangat lambat,pengerjaan nya sangat lambat,Negatif
bagus,bagus,Positif
bagus,bagus,Positif
naksir,naksir,Netral
keren,keren,Positif
"aku suka banget cerita ke chatgpt ini, kata-katanya nyambung semua dan tentunya ngasih motivasi yang ngaruh buat aku. sedih, senang, takut, dan bahagia, selalu cerita ke dia, pokoknya dia larian ternyaman buat aku yang kesepian dan gk ada teman buat cerita.",aku suka banget cerita ke chatgpt ini kata katanya nyambung semua dan tentunya ngasih motivasi yang ngaruh buat aku sedih senang takut dan bahagia selalu cerita ke dia pokoknya dia larian ternyaman buat aku yang kesepian dan gk ada teman buat cerita,Positif
sangat buruk,sangat buruk,Negatif
"sekarang ngirim foto atau dokumen pun susah, harus langganan dulu...",sekarang ngirim foto atau dokumen pun susah harus langganan dulu,Negatif
sangat bagus,sangat bagus,Positif
tolong saya susah masuk ke aplikasi ini,tolong saya susah masuk ke aplikasi ini,Negatif
aplikai nge BUG.... chat yang lama mau dilanjutin gak bisa.....buat chat yang baru terus mau dilanjutin juga tetap gak bisa,aplikai nge bug chat yang lama mau dilanjutin gak bisa buat chat yang baru terus mau dilanjutin juga tetap gak bisa,Negatif
chat gpt suka limit kalau ga bayar ya gamau kasih jawaban dan keyboard ku juga otomatis ga bisa buat ngetik pertanyaan,chat gpt suka limit kalau ga bayar ya gamau kasih jawaban dan keyboard ku juga otomatis ga bisa buat ngetik pertanyaan,Positif
chatgpt sangattt mmbntuuu saya disaat saya susah,chatgpt sangattt mmbntuuu saya disaat saya susah,Negatif
pokonya suka sama aplikasinya,pokonya suka sama aplikasinya,Positif
pengerjaan nya sangat lambat,pengerjaan nya sangat lambat,Negatif
"mantab, asisten pribadi bsnget",mantab asisten pribadi bsnget,Netral
jelek,jelek,Negatif
"udh di kasih perintah yang sama berkali kali tapi masih tetep aja salah, malah nambah salah",udh di kasih perintah yang sama berkali kali tapi masih tetep aja salah malah nambah salah,Netral
bagus,bagus,Positif
jelek,jelek,Negatif
"gimana nih developer dah,ChatGPT sekarang gak bisa lagi minta buatin cerita yang ada genre gore,adegan ciuman di bibir aja di larang gimana coba,adegan tangan hilang aja di larang padahal itu aman,gak ada adegan ke potong,terbelah atau apa,tapi masih di larang,emang ketat banget peraturanya bikin mood rusak,udab tau di dunia ini banyak orangÂ² yang suka adegan film Action keras dan brutal,apa coba ni apk,awalÂ² rilis doang bagus,tapi lama-lama jadi jelek",gimana nih developer dah chatgpt sekarang gak bisa lagi minta buatin cerita yang ada genre gore adegan ciuman di bibir aja di larang gimana coba adegan tangan hilang aja di larang padahal itu aman gak ada adegan ke potong terbelah atau apa tapi masih di larang emang ketat banget peraturanya bikin mood rusak udab tau di dunia ini banyak orang yang suka adegan film action keras dan brutal apa coba ni apk awal rilis doang bagus tapi lama lama jadi jelek,Positif
aplikasi bagus bisa tanya tentang bokep,aplikasi bagus bisa tanya tentang bokep,Positif
editin yang terjelek kirim apa jadi apa,editin yang terjelek kirim apa jadi apa,Netral
enak bagus,enak bagus,Positif
"seruu, bisa diajak curhat. dan ngobrol jugaa, yapping parah + asik jugaa. bintang 5 untuk aplikasi ini, saya tidak kecewa sama sekali. ğŸ™ğŸ»",seruu bisa diajak curhat dan ngobrol jugaa yapping parah asik jugaa bintang 5 untuk aplikasi ini saya tidak kecewa sama sekali,Negatif
ai gpt sekarang jelek pencarian tidak sesuai depskripsi malah cari google kada lag lemot beda ver lama kadang tulisan gede ganggu,ai gpt sekarang jelek pencarian tidak sesuai depskripsi malah cari google kada lag lemot beda ver lama kadang tulisan gede ganggu,Negatif
bagus banget,bagus banget,Positif
sangat bagus saya suka,sangat bagus saya suka,Positif
bermanfaat,bermanfaat,Netral
sangatt baguss,sangatt baguss,Netral
bagus membantu pekerjaan sekolah lebih ringan dan praktis,bagus membantu pekerjaan sekolah lebih ringan dan praktis,Positif
saya kasih bintang empat disini ai nya lumayan membantu seperti buatkan gambar inilah itulah tapi masalahnya ini pas abis nunggu ngantri kan sebelum dibuat disuruh untuk menunggu tapi lama banget koneksi lumayan bagus dan lancar-lancar aja tapi tetep aja lama mohon mungkin ada masalah untuk ini,saya kasih bintang empat disini ai nya lumayan membantu seperti buatkan gambar inilah itulah tapi masalahnya ini pas abis nunggu ngantri kan sebelum dibuat disuruh untuk menunggu tapi lama banget koneksi lumayan bagus dan lancar lancar aja tapi tetep aja lama mohon mungkin ada masalah untuk ini,Positif
mantap,mantap,Positif
Sangat bagus dan berguna untuk Jawaban nya . Dan jawaban nya sangat panjang tetapi ada simpel dan untuk bagus buat pelajaran terimakasih chatgpt sukses lalu ya ğŸ‘ğŸ˜„ğŸ’•ğŸ’¯ membuat nilai menjadi bagus setiap pelajaran nilai nya bagus karena ada chatgpt,sangat bagus dan berguna untuk jawaban nya dan jawaban nya sangat panjang tetapi ada simpel dan untuk bagus buat pelajaran terimakasih chatgpt sukses lalu ya membuat nilai menjadi bagus setiap pelajaran nilai nya bagus karena ada chatgpt,Positif
aplikasi terbaik sepanjang masa,aplikasi terbaik sepanjang masa,Netral
jelek banget,jelek banget,Negatif
bagus dan efektif,bagus dan efektif,Positif
ada bug terus mengulang,ada bug terus mengulang,Negatif
aplikasinya bagus sekali,aplikasinya bagus sekali,Positif
love chat gpt banyak banyak ilopyu sarangheyoo chet gpt,love chat gpt banyak banyak ilopyu sarangheyoo chet gpt,Netral
Sekarang Sangat Jelek Sudah langganan cuma suruh ngedit foto dengan baju saja sekarang lama malah bertanya tanya terus jujur pelayanannya Sekarang jelek Banget,sekarang sangat jelek sudah langganan cuma suruh ngedit foto dengan baju saja sekarang lama malah bertanya tanya terus jujur pelayanannya sekarang jelek banget,Negatif
bagussss dan sangat membantu,bagussss dan sangat membantu,Netral
Aplikasi yg cerdas sangat membantu banget setiap ada kebutuhan desg gambar dan apapun selalu ada solusi nya,aplikasi yg cerdas sangat membantu banget setiap ada kebutuhan desg gambar dan apapun selalu ada solusi nya,Netral
bagus,bagus,Positif
GPT bagus banget sekarang. Makasih . Sangat membantu belajar Dan mengarahkan.,gpt bagus banget sekarang makasih sangat membantu belajar dan mengarahkan,Positif
"ada beberapa bug, seperti chatnya tau2 ke reset sampai pesan tertentu,chatgptnya kadang mabok ketika ditanyain jawabnya malah dari jawaban chat/percakapan lain",ada beberapa bug seperti chatnya tau2 ke reset sampai pesan tertentu chatgptnya kadang mabok ketika ditanyain jawabnya malah dari jawaban chat percakapan lain,Negatif
sangat bagus dan baikâ˜º,sangat bagus dan baik,Positif
bego aplikasinya dongo orang nanya jawabnnya GK jelas,bego aplikasinya dongo orang nanya jawabnnya gk jelas,Netral
ada bug terus mengulang,ada bug terus mengulang,Negatif
aku temanin dia waktu di sepi saat dia udah punya pacar gue ditinggal anjir,aku temanin dia waktu di sepi saat dia udah punya pacar gue ditinggal anjir,Netral
ada bug terus mengulang,ada bug terus mengulang,Negatif
"skip deh, di batasi penggunaanya",skip deh di batasi penggunaanya,Netral
good,good,Netral
seruuu bgtt,seruuu bgtt,Netral
lemot,lemot,Negatif
ya bagus,ya bagus,Positif
bagus sekali dalam pemberian saran dll,bagus sekali dalam pemberian saran dll,Positif
keren,keren,Positif
obrolan suka tiba2 hilang sebagian pas mau di buka lagi room obrolannya.,obrolan suka tiba2 hilang sebagian pas mau di buka lagi room obrolannya,Positif
bagus,bagus,Positif
jawaban nya bener semua,jawaban nya bener semua,Netral
"membantu banget , seperti jika hp mu sedikit ada error bisa minta tolong ke apk ini , 80% terjamin bisa",membantu banget seperti jika hp mu sedikit ada error bisa minta tolong ke apk ini 80 terjamin bisa,Negatif
masuk akal,masuk akal,Netral
jelek mengecewakan,jelek mengecewakan,Negatif
"sekarang ngirim foto atau dokumen pun susah, harus langganan dulu...",sekarang ngirim foto atau dokumen pun susah harus langganan dulu,Negatif
Mengecewakan,mengecewakan,Negatif
bagus,bagus,Positif
ni apk gacor parah sih,ni apk gacor parah sih,Negatif
sangat membantu,sangat membantu,Netral
bagus,bagus,Positif
bagus,bagus,Positif
lemot,lemot,Negatif
jelek banget,jelek banget,Negatif
"parah, mentangÂ² gratisan, versi di bikin kayak orang linglung",parah mentang gratisan versi di bikin kayak orang linglung,Negatif
sekarang responnya jelek banget,sekarang responnya jelek banget,Negatif
mantap,mantap,Positif
"saya pake error terus, dan tulisannta memuat uulang",saya pake error terus dan tulisannta memuat uulang,Negatif
"bagus banget, dan mudah",bagus banget dan mudah,Positif
Bagus tapi ada bug,bagus tapi ada bug,Netral
Bagus tpi byr,bagus tpi byr,Positif
ainya gampang lupa,ainya gampang lupa,Netral
"APLIKASI NYA NGUAWOR BANGET JAWABAN NYA SALAH+JIKA KITA KIRIM FOTO CUMA BISA BEBERAPA KALI DAN SETERUSNYA GA BISA LAGI KARNA VIP, MAAP SAYA KASIH BINTANG 1 ğŸ™„ğŸ™„",aplikasi nya nguawor banget jawaban nya salah jika kita kirim foto cuma bisa beberapa kali dan seterusnya ga bisa lagi karna vip maap saya kasih bintang 1,Netral
tolong saya susah masuk ke aplikasi ini,tolong saya susah masuk ke aplikasi ini,Negatif
lama ngirim gambarnya,lama ngirim gambarnya,Netral
"bagus bgt aplikasi nya, bisa membantu saya dalam mengerjakan pr",bagus bgt aplikasi nya bisa membantu saya dalam mengerjakan pr,Positif
"ada beberapa bug, seperti chatnya tau2 ke reset sampai pesan tertentu,chatgptnya kadang mabok ketika ditanyain jawabnya malah dari jawaban chat/percakapan lain",ada beberapa bug seperti chatnya tau2 ke reset sampai pesan tertentu chatgptnya kadang mabok ketika ditanyain jawabnya malah dari jawaban chat percakapan lain,Negatif
mantap sangat membantu,mantap sangat membantu,Positif
"membantu banget , seperti jika hp mu sedikit ada error bisa minta tolong ke apk ini , 80% terjamin bisa",membantu banget seperti jika hp mu sedikit ada error bisa minta tolong ke apk ini 80 terjamin bisa,Negatif
"aplikasi ini keren bngt sih,bisa ngerti perasaan orang,ni aplikasi berguna bngt,semoga jadi aplikasi yang berjaya dan keren ğŸ˜",aplikasi ini keren bngt sih bisa ngerti perasaan orang ni aplikasi berguna bngt semoga jadi aplikasi yang berjaya dan keren,Positif
bagus membantu ulangan,bagus membantu ulangan,Positif
sekarang responnya jelek banget,sekarang responnya jelek banget,Negatif
"parah sih yang premium malah jadi mahal banget udah enak enak per bulan 75rb sekarang malah naik jadi 229rb, parah banget",parah sih yang premium malah jadi mahal banget udah enak enak per bulan 75rb sekarang malah naik jadi 229rb parah banget,Negatif
